City_ID,City,Lat,Lng,Max Temp,Humidity,Cloudiness,Wind Speed,Country,Date
0,hermanus,-34.4187,19.2345,11.56,72,94,2.71,ZA,1681342527
1,punta arenas,-53.15,-70.9167,4.06,70,0,2.06,CL,1681342527
2,lynn haven,30.2455,-85.6483,23.06,49,75,4.63,US,1681342271
3,albany,42.6001,-73.9662,23.23,48,2,2.46,US,1681342508
4,mandalgovi,45.7625,106.2708,4.29,32,91,3.58,MN,1681342528
5,paris,48.8534,2.3488,8.76,78,75,8.75,FR,1681341958
6,ilulissat,69.2167,-51.1,-4.99,93,100,1.03,GL,1681342530
7,thompson,55.7435,-97.8558,-0.91,86,100,4.12,CA,1681342235
8,port alfred,-33.5906,26.891,18.62,61,100,3.64,ZA,1681342531
9,rikitea,-23.1203,-134.9692,25.56,68,28,4.73,PF,1681342531
10,san carlos,9.6612,-68.5827,29.34,57,99,2.18,VE,1681342532
11,aksarka,66.5606,67.7975,-24.29,95,61,1.66,RU,1681342532
12,brandfort,-28.7001,26.4597,6.67,20,88,2.25,ZA,1681342533
13,hilo,19.7297,-155.09,25.85,75,40,5.14,US,1681342534
14,dikson,73.5069,80.5464,-22.08,92,41,8.4,RU,1681342534
15,lebu,-37.6167,-73.65,12.87,94,98,2.61,CL,1681342534
16,canberra,-35.2835,149.1281,17.53,79,40,7.2,AU,1681342535
17,qaanaaq,77.484,-69.3632,-17.88,69,49,0.8,GL,1681342535
18,san severo,41.6897,15.376,12.57,91,4,3.41,IT,1681342535
19,hobart,-42.8794,147.3294,15.7,87,40,2.06,AU,1681342535
20,nuuk,64.1835,-51.7216,-0.66,86,20,4.63,GL,1681342536
21,sakakah,29.9697,40.2064,12.76,53,0,8.27,SA,1681342536
22,kaka,37.3482,59.6143,26.92,14,33,4.0,TM,1681342536
23,mataura,-46.1927,168.8643,11.38,83,100,3.41,NZ,1681342536
24,yendi,9.4427,-0.0099,29.34,52,58,3.17,GH,1681342536
25,sitka,57.0531,-135.33,3.94,81,100,5.66,US,1681342393
26,flin flon,54.7682,-101.865,7.91,49,20,4.12,CA,1681342537
27,vagur,61.4732,-6.8119,6.49,78,75,8.39,FO,1681342537
28,belmonte,-15.8631,-38.8828,24.87,85,8,2.07,BR,1681342537
29,south valley,35.0101,-106.6781,28.07,14,20,8.75,US,1681342538
30,bluff,-46.6,168.3333,11.56,78,93,8.81,NZ,1681342538
31,kaitangata,-46.2817,169.8464,11.55,92,100,4.96,NZ,1681342538
32,sinnamary,5.3833,-52.95,25.59,87,80,4.06,GF,1681342538
33,klaksvik,62.2266,-6.589,5.51,83,100,8.93,FO,1681342538
34,kapaa,22.0752,-159.319,26.99,74,40,6.69,US,1681342539
35,saskylakh,71.9167,114.0833,-10.94,94,100,6.82,RU,1681342539
36,tiznit,29.5833,-9.5,20.67,27,0,1.41,MA,1681342539
37,provideniya,64.3833,-173.3,-13.94,51,0,3.0,RU,1681342539
38,gat,31.61,34.7642,12.1,100,23,5.81,IL,1681342539
39,avarua,-21.2078,-159.775,28.03,69,75,2.57,CK,1681342539
40,bredasdorp,-34.5322,20.0403,13.47,81,100,2.45,ZA,1681342539
41,hasaki,35.7333,140.8333,15.16,36,29,3.96,JP,1681342540
42,tasiilaq,65.6145,-37.6368,2.09,95,92,2.32,GL,1681342540
43,ostrovnoy,68.0531,39.5131,-10.58,88,100,2.09,RU,1681342540
44,geraldton,-28.7667,114.6,14.23,94,16,5.66,AU,1681342540
45,bacolod,10.6667,122.95,28.22,69,16,3.17,PH,1681342540
46,busselton,-33.65,115.3333,19.8,68,79,9.49,AU,1681342542
47,butaritari,3.0707,172.7902,27.6,73,62,2.9,KI,1681342542
48,esperance,-33.8667,121.9,19.09,63,0,4.56,AU,1681342542
49,constitucion,-35.3333,-72.4167,12.07,94,71,2.37,CL,1681342542
50,faya,18.3851,42.4509,16.06,67,9,2.9,SA,1681342542
51,cape town,-33.9258,18.4232,17.43,76,40,1.54,ZA,1681342366
52,ponta do sol,32.6667,-17.1,18.35,66,15,3.25,PT,1681342542
53,jalu,29.0331,21.5482,15.66,36,0,2.27,LY,1681342543
54,liverpool,53.4106,-2.9779,8.23,85,75,12.86,GB,1681342268
55,georgetown,5.4112,100.3354,28.96,82,20,1.54,MY,1681342226
56,cidreira,-30.1811,-50.2056,23.74,78,60,2.86,BR,1681342543
57,yellowknife,62.456,-114.3525,-1.71,64,75,2.06,CA,1681342543
58,nikolskoye,59.7035,30.7861,6.94,89,86,3.84,RU,1681342544
59,paamiut,61.994,-49.6678,-0.06,73,12,2.28,GL,1681342544
60,atuona,-9.8,-139.0333,27.14,67,96,4.12,PF,1681342544
61,aasiaat,68.7098,-52.8699,-4.17,86,100,0.29,GL,1681342544
62,vaini,-21.2,-175.2,29.09,74,75,5.14,TO,1681342544
63,hithadhoo,-0.6,73.0833,28.12,70,14,1.67,MV,1681342544
64,chuy,-33.6971,-53.4616,17.45,76,98,5.62,UY,1681342545
65,mongo,12.1844,18.693,27.64,17,61,3.59,TD,1681342545
66,pevek,69.7008,170.3133,-18.68,87,88,1.61,RU,1681342526
67,saint-philippe,-21.3585,55.7679,23.77,84,30,0.6,RE,1681342545
68,pangnirtung,66.1451,-65.7125,-13.68,89,55,2.32,CA,1681342545
69,vila franca do campo,37.7167,-25.4333,14.23,82,97,1.47,PT,1681342546
70,namibe,-15.1961,12.1522,22.72,68,49,2.0,AO,1681342507
71,north bend,43.4065,-124.2243,11.25,66,40,4.12,US,1681342546
72,sungaipenuh,-2.0833,101.3833,18.41,91,100,0.62,ID,1681342546
73,havre,49.5833,0.3333,9.22,76,100,13.89,FR,1681342546
74,bathsheba,13.2167,-59.5167,26.34,73,20,6.17,BB,1681342546
75,ponta delgada,37.7333,-25.6667,14.4,88,75,2.06,PT,1681342547
76,souillac,-20.5167,57.5167,25.21,83,20,1.54,MU,1681342547
77,asau,46.4333,26.4,7.51,90,69,1.81,RO,1681342548
78,sioux lookout,50.1001,-91.917,19.04,32,40,3.09,CA,1681342548
79,mahebourg,-20.4081,57.7,25.16,83,20,1.54,MU,1681342548
80,nome,64.5011,-165.4064,-15.96,60,0,2.06,US,1681342268
81,shitanjing,39.2342,106.3439,8.73,44,34,7.37,CN,1681342549
82,asmar,35.0333,71.3581,17.28,33,78,4.58,AF,1681342549
83,carnarvon,-24.8667,113.6333,22.09,75,28,8.73,AU,1681342549
84,chokurdakh,70.6333,147.9167,-16.0,91,73,2.44,RU,1681342549
85,changji,44.0167,87.3167,5.44,87,0,2.0,CN,1681342550
86,basco,20.4487,121.9702,25.67,85,99,10.31,PH,1681342550
87,strezhevoy,60.7333,77.5889,-14.25,89,100,4.65,RU,1681342550
88,pouebo,-20.4,164.5667,27.8,70,9,0.95,NC,1681342550
89,deputatskiy,69.3,139.9,-16.28,77,9,0.01,RU,1681342550
90,vredefort,-27.0081,27.3646,12.51,54,26,3.56,ZA,1681342550
91,upernavik,72.7868,-56.1549,-12.26,91,66,1.88,GL,1681342550
92,cayenne,4.9333,-52.3333,26.02,89,40,1.03,GF,1681342550
93,barrow,71.2906,-156.7887,-20.99,77,0,5.14,US,1681342551
94,terralba,39.7192,8.6392,15.1,96,7,1.79,IT,1681342551
95,ankang,32.68,109.0172,18.58,61,1,0.78,CN,1681342551
96,ushuaia,-54.8,-68.3,3.81,70,75,8.75,AR,1681342551
97,veraval,20.9,70.3667,26.19,63,79,4.97,IN,1681342552
98,mar del plata,-38.0023,-57.5575,12.27,76,40,4.02,AR,1681342552
99,soure,-0.7167,-48.5233,25.83,87,94,3.26,BR,1681342553
100,zhigansk,66.7697,123.3711,-15.0,94,99,2.46,RU,1681342553
101,arraial do cabo,-22.9661,-42.0278,23.98,83,0,4.12,BR,1681342553
102,turukhansk,65.8167,87.9833,-29.69,100,100,2.07,RU,1681342553
103,san antonio,29.4241,-98.4936,26.15,36,0,4.12,US,1681342549
104,alexandria,31.2156,29.9553,14.3,66,2,7.8,EG,1681342553
105,punta cardon,11.6581,-70.215,25.48,76,95,12.71,VE,1681342553
106,jamestown,42.097,-79.2353,21.8,37,0,6.69,US,1681342371
107,acapulco,16.8634,-99.8901,29.9,66,40,6.17,MX,1681342258
108,derzhavinsk,51.1,66.3167,8.92,59,92,3.02,KZ,1681342554
109,delhi,28.6667,77.2167,24.05,41,20,1.03,IN,1681342087
110,labytnangi,66.6572,66.4183,-25.37,88,48,2.09,RU,1681342555
111,krasnoselkup,65.7,82.4667,-26.05,98,88,4.21,RU,1681342556
112,lavrentiya,65.5833,-171.0,-13.19,76,68,1.96,RU,1681342556
113,rawson,-43.3002,-65.1023,8.49,52,53,5.28,AR,1681342556
114,tessalit,20.1986,1.0114,29.07,9,99,2.2,ML,1681342556
115,longyearbyen,78.2186,15.6401,-0.09,74,75,4.63,SJ,1681342557
116,castro,-24.7911,-50.0119,16.62,85,67,1.28,BR,1681342557
117,axim,4.8699,-2.2405,26.6,89,33,2.75,GH,1681342557
118,amboasary,-25.0333,46.3833,21.56,93,24,0.42,MG,1681342557
119,lamu,-2.2717,40.902,28.12,77,61,3.15,KE,1681342558
120,narsaq,60.9167,-46.05,1.12,82,77,1.75,GL,1681342558
121,kodiak,57.79,-152.4072,6.73,45,75,6.69,US,1681342558
122,tiksi,71.6872,128.8694,-21.89,99,93,1.94,RU,1681342558
123,juneau,58.3019,-134.4197,4.56,94,100,8.23,US,1681342266
124,nsanje,-16.92,35.262,20.29,99,56,1.7,MW,1681342558
125,kara,9.5511,1.1861,28.27,55,84,0.89,TG,1681342559
126,la palma,33.8464,-118.0467,19.15,82,100,2.57,US,1681342560
127,corn island,12.1694,-83.0418,27.05,77,8,7.03,NI,1681342560
128,mitsamiouli,-11.3847,43.2844,27.15,76,71,2.0,KM,1681342560
129,richards bay,-28.783,32.0377,19.81,84,100,3.66,ZA,1681342560
130,egvekinot,66.3167,-179.1667,-16.21,75,100,1.46,RU,1681342560
131,husavik,66.0449,-17.3389,1.65,85,100,1.29,IS,1681342560
132,severo-kurilsk,50.6789,156.125,0.02,95,100,13.51,RU,1681342561
133,aklavik,68.2191,-135.0107,-15.0,39,75,2.57,CA,1681342561
134,luwuk,-0.9516,122.7875,28.18,74,66,0.31,ID,1681342561
135,krabi,8.0726,98.9105,24.11,100,20,1.03,TH,1681342561
136,kontagora,10.3999,5.4695,29.01,32,52,1.71,NG,1681342561
137,sobolevo,54.4299,31.8996,8.8,63,100,4.3,RU,1681342561
138,lewistown,40.5992,-77.5714,26.41,33,0,4.63,US,1681342562
139,codrington,-38.2667,141.9667,17.89,78,77,3.72,AU,1681342562
140,haines junction,60.7522,-137.5108,1.97,48,100,5.66,CA,1681342562
141,poronaysk,49.2167,143.1167,1.02,92,82,2.99,RU,1681342563
142,zolotkovo,55.5281,41.1053,7.49,65,100,2.23,RU,1681342564
143,mount gambier,-37.8333,140.7667,17.1,85,86,1.69,AU,1681342564
144,victoria,22.2855,114.1577,23.44,87,98,0.89,HK,1681342053
145,kuala terengganu,5.3302,103.1408,25.97,94,20,1.54,MY,1681342565
146,namatanai,-3.6667,152.4333,26.45,81,100,3.65,PG,1681342565
147,bardiyah,31.7561,25.0865,14.6,75,0,5.74,LY,1681342566
148,gazanjyk,39.2446,55.5154,25.64,24,100,3.82,TM,1681342566
149,oranjestad,12.524,-70.027,26.62,85,100,1.34,AW,1681342566
150,tuktoyaktuk,69.4541,-133.0374,-19.0,71,40,8.23,CA,1681342567
151,cheyenne,41.14,-104.8203,24.02,12,0,7.72,US,1681342425
152,stanisesti,46.4333,27.3,8.62,79,84,3.83,RO,1681342567
153,naze,28.3667,129.4833,20.51,68,37,6.48,JP,1681342567
154,portland,45.5234,-122.6762,11.75,69,75,2.68,US,1681342463
155,yuanping,38.7153,112.7575,14.43,38,100,0.89,CN,1681342568
156,gizo,-8.103,156.8419,28.58,68,81,1.61,SB,1681342568
157,praia da vitoria,38.7333,-27.0667,16.53,88,20,3.65,PT,1681342568
158,bambous virieux,-20.3428,57.7575,25.14,83,20,1.54,MU,1681342568
159,bandarbeyla,9.4942,50.8122,27.68,77,92,2.7,SO,1681342568
160,mayo,38.8876,-76.5119,28.97,36,0,3.6,US,1681342569
161,poum,-20.2333,164.0167,26.28,76,6,2.55,NC,1681342569
162,san cristobal,7.7669,-72.225,24.1,89,96,1.02,VE,1681342550
163,namwala,-15.7504,26.4384,17.9,87,92,1.61,ZM,1681342455
164,maragogi,-9.0122,-35.2225,24.78,87,93,2.5,BR,1681342572
165,genhe,50.7833,121.5167,-1.96,62,48,3.04,CN,1681342573
166,san patricio,28.017,-97.5169,25.09,59,6,5.0,US,1681342574
167,lompoc,34.6391,-120.4579,17.1,72,75,11.83,US,1681342433
168,machali,-34.1833,-70.6667,17.57,67,100,1.02,CL,1681342575
169,agvali,42.5385,46.1197,11.92,75,100,0.63,RU,1681342577
170,katsuura,35.1333,140.3,15.18,52,77,3.7,JP,1681342577
171,bethel,41.3712,-73.414,27.05,22,0,3.6,US,1681342577
172,beroroha,-21.6667,45.1667,23.17,69,100,0.39,MG,1681342578
173,ribeira grande,38.5167,-28.7,16.54,94,73,2.68,PT,1681342494
174,foix,42.8333,1.5833,3.76,96,99,2.16,FR,1681342578
175,east london,-33.0153,27.9116,18.82,68,100,3.83,ZA,1681342579
176,airai,-8.9266,125.4092,20.58,72,98,0.33,TL,1681342579
177,zumpahuacan,18.9,-99.55,22.64,72,80,1.49,MX,1681342579
178,vao,-22.6667,167.4833,25.04,76,100,1.66,NC,1681342579
179,port elizabeth,-33.918,25.5701,13.16,76,0,2.57,ZA,1681342579
180,kosa,59.9445,54.9977,0.05,98,100,1.8,RU,1681342580
181,aginskoye,51.1,114.53,2.85,51,40,1.24,RU,1681342580
182,puerto ayora,-0.7393,-90.3518,28.64,82,81,2.24,EC,1681342581
183,camacha,33.0833,-16.3333,15.68,67,20,2.06,PT,1681342581
184,ancud,-41.8697,-73.8203,11.23,81,100,2.05,CL,1681342581
185,bosaso,11.2842,49.1816,28.71,66,85,1.84,SO,1681342582
186,porto novo,6.4965,2.6036,28.9,80,64,3.36,BJ,1681342582
187,khandyga,62.6667,135.6,-2.12,90,91,1.38,RU,1681342582
188,saint george,37.1041,-113.5841,26.33,17,0,10.29,US,1681342370
189,san rafael,-34.6177,-68.3301,13.64,55,100,5.49,AR,1681342118
190,kirakira,-10.4544,161.9205,28.22,72,21,1.97,SB,1681342583
191,kruisfontein,-34.0033,24.7314,12.56,74,86,2.51,ZA,1681342583
192,kupang,-10.1667,123.5833,27.32,89,20,1.03,ID,1681342583
193,ponnani,10.767,75.9252,26.62,86,8,1.69,IN,1681342583
194,bihoro,43.8228,144.1044,8.15,31,40,5.66,JP,1681342584
195,lagoa,39.05,-27.9833,15.26,89,61,3.64,PT,1681342584
196,najran,17.4924,44.1277,24.36,52,9,2.11,SA,1681342584
197,lezajsk,50.2626,22.4193,5.37,94,22,1.03,PL,1681342584
198,los teques,10.3445,-67.0433,19.32,67,100,0.87,VE,1681342585
199,kendari,-3.945,122.4989,26.82,87,79,0.52,ID,1681342585
200,alice springs,-23.7,133.8833,22.75,40,100,6.69,AU,1681342585
201,mangit,40.5971,70.9607,16.37,59,56,0.32,UZ,1681342586
202,ust-tsilma,65.441,52.1498,-20.87,94,4,2.74,RU,1681342586
203,comodoro rivadavia,-45.8667,-67.5,4.92,48,0,2.57,AR,1681342587
204,noumea,-22.2763,166.4572,29.99,99,100,1.82,NC,1681342165
205,tuatapere,-46.1333,167.6833,11.51,98,100,1.39,NZ,1681342587
206,pisco,-13.7,-76.2167,25.03,73,81,8.23,PE,1681342503
207,iqaluit,63.7506,-68.5145,-8.15,67,75,3.6,CA,1681342588
208,tonantins,-2.8731,-67.8022,24.61,95,77,0.65,BR,1681342588
209,corinth,37.9407,22.9573,14.38,69,2,2.27,GR,1681342588
210,venado tuerto,-33.7456,-61.9688,14.03,86,100,2.15,AR,1681342589
211,anloga,5.7947,0.8973,27.06,84,35,2.34,GH,1681342589
212,pasni,25.2631,63.471,24.85,75,1,4.29,PK,1681342589
213,waterloo,43.4668,-80.5164,23.93,38,0,6.17,CA,1681342406
214,luderitz,-26.6481,15.1594,14.15,87,58,5.48,NA,1681342590
215,talnakh,69.4865,88.3972,-25.34,95,100,2.85,RU,1681342591
216,saldanha,-33.0117,17.9442,15.03,79,100,1.84,ZA,1681342592
217,beringovskiy,63.05,179.3167,-15.89,84,75,5.44,RU,1681342592
218,kahului,20.8947,-156.47,29.01,58,20,9.77,US,1681342592
219,leningradskiy,69.3833,178.4167,-17.35,90,98,3.14,RU,1681342593
220,fonte boa,-2.4959,-66.2662,24.07,97,99,1.28,BR,1681342593
221,plettenberg bay,-34.0527,23.3716,12.51,68,90,1.73,ZA,1681342593
222,olafsvik,64.8945,-23.7142,2.58,76,100,2.73,IS,1681342593
223,isla vista,34.4133,-119.861,18.52,87,100,0.0,US,1681342302
224,katobu,-4.9408,122.5276,27.09,84,62,1.66,ID,1681342594
225,bayangol,50.6977,103.4656,-6.77,61,100,2.77,RU,1681342594
226,ardmore,34.1743,-97.1436,23.88,40,0,5.66,US,1681342594
227,coahuayana,18.7333,-103.6833,27.05,52,100,2.48,MX,1681342594
228,hami,42.8,93.45,7.89,28,3,2.22,CN,1681342594
229,new ulm,44.3125,-94.4605,31.21,25,0,5.66,US,1681342594
230,clyde river,70.4692,-68.5914,-13.87,78,100,12.35,CA,1681342595
231,waiouru,-39.4833,175.6667,17.34,52,10,1.61,NZ,1681342595
232,yumbe,3.4651,31.2469,20.58,82,47,1.71,UG,1681342595
233,shasta lake,40.6804,-122.3708,18.12,21,20,1.79,US,1681342393
234,slavonski brod,45.1603,18.0156,8.54,63,79,0.49,HR,1681342595
235,laela,-8.5667,32.05,15.65,93,100,1.11,TZ,1681342595
236,timbiqui,2.7717,-77.6654,27.63,78,93,2.52,CO,1681342595
237,ben tre,10.2333,106.3833,27.13,80,83,1.62,VN,1681342389
238,chenzhou,25.8,113.0333,23.23,82,0,1.58,CN,1681342596
239,faanui,-16.4833,-151.75,28.2,68,31,3.9,PF,1681342596
240,gikongoro,-2.464,29.5739,12.9,92,86,1.12,RW,1681342596
241,torbay,47.6666,-52.7314,0.88,91,100,5.14,CA,1681342596
242,sandy bay,-42.913,147.3532,15.72,87,40,2.06,AU,1681342501
243,charters towers,-20.1,146.2667,29.3,52,81,3.77,AU,1681342596
244,mao,39.8885,4.2658,14.31,67,0,11.32,ES,1681342597
245,saint-georges,12.0564,-61.7485,25.82,78,20,6.17,GD,1681342597
246,isangel,-19.55,169.2667,29.36,67,14,2.8,VU,1681342452
247,jind,29.3167,76.3167,23.98,25,23,2.57,IN,1681342597
248,fare,-16.7,-151.0167,27.99,69,12,3.25,PF,1681342597
249,quatre cocos,-20.2078,57.7625,25.06,84,56,2.63,MU,1681342597
250,rio grande,-32.035,-52.0986,21.06,97,97,2.39,BR,1681342598
251,guiren,33.6697,118.1889,14.89,48,72,5.59,CN,1681342598
252,maanshan,31.6957,118.4983,16.03,50,100,3.94,CN,1681342598
253,benguela,-12.5763,13.4055,26.76,80,100,3.41,AO,1681342598
254,sivaki,52.6333,126.75,-1.02,64,100,4.39,RU,1681342598
255,pamanukan,-6.2842,107.8106,25.7,87,100,1.15,ID,1681342598
256,gamba,-2.65,10.0,25.4,90,84,0.71,GA,1681342598
257,caratinga,-19.7897,-42.1392,21.07,79,99,1.39,BR,1681342599
258,salvador,13.8333,-88.9167,27.02,57,32,2.85,SV,1681342374
259,cabedelo,-6.9811,-34.8339,26.37,84,46,5.5,BR,1681342600
260,margate,51.3813,1.3862,6.61,84,100,2.24,GB,1681342456
261,baghdad,33.3406,44.4009,13.95,88,74,2.06,IQ,1681342378
262,hofn,64.2539,-15.2082,3.18,85,46,5.05,IS,1681342600
263,itanagar,27.1,93.6167,20.05,59,11,2.34,IN,1681342600
264,xining,36.6167,101.7667,7.86,35,45,2.51,CN,1681342600
265,haradok,55.4624,29.9816,7.99,74,100,3.45,BY,1681342600
266,laguna,38.421,-121.4238,19.31,44,0,3.09,US,1681342601
267,machinga,-15.1685,35.3,17.99,97,99,1.04,MW,1681342601
268,kalmunai,7.4167,81.8167,25.37,88,82,1.0,LK,1681342601
269,parkes,-33.1333,148.1833,15.2,1,13,3.9,AU,1681342601
270,santa cruz,-17.8,-63.1667,27.03,78,40,5.66,BO,1681342601
271,new norfolk,-42.7826,147.0587,15.51,72,54,0.45,AU,1681342601
272,gabu,12.2833,-14.2167,27.74,54,100,3.69,GW,1681342602
273,port-gentil,-0.7193,8.7815,27.01,80,91,1.85,GA,1681342602
274,ferrol,43.4832,-8.2369,10.38,85,34,6.32,ES,1681342570
275,red wing,44.5625,-92.5338,32.05,19,0,5.66,US,1681342602
276,touros,-5.1989,-35.4608,25.47,89,92,6.36,BR,1681342426
277,coruripe,-10.1256,-36.1756,24.9,81,30,2.74,BR,1681342602
278,bilibino,68.0546,166.4372,-17.41,84,69,1.24,RU,1681342602
279,qui nhon,13.7667,109.2333,26.79,82,100,1.6,VN,1681342603
280,yulara,-25.2406,130.9889,26.42,41,100,1.35,AU,1681342603
281,buala,-8.145,159.5921,25.31,88,99,1.51,SB,1681342603
282,coquimbo,-29.9533,-71.3436,15.85,88,0,3.6,CL,1681342603
283,port blair,11.6667,92.75,26.13,80,34,1.43,IN,1681342603
284,matara,5.9485,80.5353,24.04,94,67,2.06,LK,1681342604
285,carmen,18.6333,-91.8333,27.02,65,75,4.12,MX,1681342330
286,fukue,32.6881,128.8419,15.2,67,0,4.12,JP,1681342604
287,sao filipe,14.8961,-24.4956,22.72,79,36,3.11,CV,1681342604
288,ossora,59.2353,163.0719,-10.3,64,11,0.62,RU,1681342604
289,banamba,13.55,-7.45,31.51,20,87,6.04,ML,1681342604
290,ahipara,-35.1667,173.1667,19.11,83,15,4.69,NZ,1681342604
291,la rioja,42.25,-2.5,3.88,98,100,1.65,ES,1681342605
292,kandi,11.1342,2.9386,31.2,36,71,2.89,BJ,1681342040
293,zhigalovo,54.8097,105.1578,-5.25,77,58,1.66,RU,1681342605
294,shubarkuduk,49.1447,56.4872,12.92,44,100,7.21,KZ,1681342605
295,tutoia,-2.7619,-42.2744,25.85,83,86,3.0,BR,1681342605
296,salalah,17.0151,54.0924,26.33,75,23,1.76,OM,1681342605
297,erice,38.037,12.5865,16.26,82,0,6.69,IT,1681342605
298,kapoeta,4.7717,33.5903,28.93,42,99,4.99,SS,1681342605
299,aukra,62.7925,6.919,8.99,65,0,3.6,NO,1681342605
300,ipiau,-14.1372,-39.7339,22.24,93,49,0.78,BR,1681342606
301,ngunguru,-35.6167,174.5,19.92,75,45,4.72,NZ,1681342606
302,altay,47.8667,88.1167,-6.2,61,14,4.25,CN,1681342606
303,college,64.8569,-147.8028,-2.82,83,100,7.2,US,1681342606
304,boa vista,2.8197,-60.6733,30.99,55,0,3.6,BR,1681342606
305,port hedland,-20.3167,118.5667,28.03,74,100,6.17,AU,1681342606
306,beira,-19.8436,34.8389,26.05,83,20,1.54,MZ,1681342606
307,palauig,15.435,119.9045,27.87,73,100,1.5,PH,1681342607
308,angoche,-16.2325,39.9086,22.04,98,73,1.85,MZ,1681342607
309,bethanien,-26.502,17.1583,16.16,23,23,1.94,NA,1681342607
310,nasice,45.4886,18.0878,8.19,74,97,2.27,HR,1681342607
311,dese,11.1333,39.6333,12.89,83,100,1.18,ET,1681342607
312,sharkan,57.2989,53.8712,3.51,77,0,2.61,RU,1681342607
313,cabo san lucas,22.8909,-109.9124,28.61,50,75,8.75,MX,1681342607
314,salinopolis,-0.6136,-47.3561,27.7,79,73,5.36,BR,1681342607
315,canaries,28.0,-15.5,17.44,68,20,10.29,ES,1681342608
316,brownsville,25.9018,-97.4975,25.05,62,0,5.66,US,1681342549
317,boyuibe,-20.4167,-63.2833,23.18,76,93,0.9,BO,1681342608
318,goalpara,26.1667,90.6167,22.21,30,0,1.47,IN,1681342608
319,nokaneng,-19.6667,22.2667,19.95,36,0,2.64,BW,1681342608
320,port hawkesbury,45.6169,-61.3485,2.77,97,100,7.6,CA,1681342608
321,le port,-20.9373,55.2919,24.38,91,2,1.95,RE,1681342608
322,bubaque,11.2833,-15.8333,24.83,75,83,6.54,GW,1681342608
323,itoman,26.1247,127.6694,23.43,78,75,5.66,JP,1681342609
324,yar-sale,66.8333,70.8333,-21.16,94,45,6.72,RU,1681342609
325,hovd,48.0056,91.6419,-5.61,70,30,1.74,MN,1681342609
326,carahue,-38.7,-73.1667,14.88,84,99,0.6,CL,1681342609
327,beloha,-25.1667,45.05,20.38,95,4,2.06,MG,1681342610
328,henties bay,-22.116,14.2845,14.68,87,0,1.67,NA,1681342610
329,khatanga,71.9667,102.5,-15.73,69,47,10.41,RU,1681342610
330,nouadhibou,20.931,-17.0347,18.99,94,40,2.57,MR,1681342374
331,brokopondo,4.75,-55.1667,24.66,89,57,2.34,SR,1681342611
332,itarema,-2.9248,-39.9167,28.48,71,94,7.33,BR,1681342611
333,urucui,-7.2294,-44.5561,25.33,72,88,1.28,BR,1681342611
334,norman wells,65.282,-126.8329,2.02,44,100,0.0,CA,1681342611
335,balsas,-7.5325,-46.0356,26.78,68,65,1.89,BR,1681342612
336,port lincoln,-34.7333,135.8667,16.13,65,8,2.04,AU,1681342612
337,darhan,49.4867,105.9228,-3.38,85,100,10.71,MN,1681342612
338,kloulklubed,7.0419,134.2556,26.28,78,22,4.15,PW,1681342612
339,goderich,43.7501,-81.7165,18.18,48,0,6.17,CA,1681342612
340,warri,5.5167,5.75,25.63,93,51,1.45,NG,1681342612
341,maniitsoq,65.4167,-52.9,-2.88,85,23,3.36,GL,1681342613
342,waipawa,-41.4122,175.5153,14.83,77,99,2.24,NZ,1681342613
343,ust-ilimsk,58.0006,102.6619,-8.66,88,92,3.23,RU,1681342614
344,saint-joseph,-21.3667,55.6167,23.59,85,17,0.99,RE,1681342614
345,hokitika,-42.7167,170.9667,14.51,89,100,2.33,NZ,1681342614
346,aksu,41.1231,80.2644,9.94,35,7,1.57,CN,1681342614
347,samarai,-10.6167,150.6667,29.13,75,70,1.54,PG,1681342614
348,pemberton,50.3164,-122.8027,11.83,59,37,1.21,CA,1681342614
349,bairiki,1.3292,172.9752,30.0,70,20,3.6,KI,1681342614
350,tottori,35.5,134.2333,11.04,50,0,4.12,JP,1681342615
351,weligama,5.9667,80.4167,24.94,89,96,2.86,LK,1681342506
352,oum hadjer,13.2954,19.6966,27.71,14,55,4.93,TD,1681342615
353,korla,41.7597,86.1469,9.28,41,85,2.39,CN,1681342615
354,angra dos reis,-23.0067,-44.3181,22.92,86,99,1.35,BR,1681342615
355,raga,8.4596,25.678,26.61,58,96,1.61,SS,1681342615
356,santiago,-33.4569,-70.6483,20.86,60,0,5.14,CL,1681342391
357,kimberley,-28.7323,24.7623,14.53,19,84,1.04,ZA,1681342615
358,atar,20.5169,-13.0499,25.63,56,60,1.8,MR,1681342616
359,amga,60.8953,131.9608,-2.82,73,100,2.51,RU,1681342616
360,berlevag,70.8578,29.0864,-3.03,63,9,10.8,NO,1681342616
361,myanaung,18.2833,95.3167,26.65,46,4,1.68,MM,1681342616
362,sovetskiy,61.3614,63.5842,-11.55,90,100,5.29,RU,1681342616
363,hobyo,5.3505,48.5268,27.78,75,100,3.52,SO,1681342616
364,isiro,2.7739,27.616,19.53,96,99,0.5,CD,1681342616
365,north branford,41.3276,-72.7673,27.1,26,0,4.12,US,1681342616
366,abu dhabi,24.4667,54.3667,29.41,46,0,2.06,AE,1681342596
367,alofi,-19.0595,-169.9187,28.94,70,75,7.2,NU,1681342617
368,venice,27.0998,-82.4543,23.01,85,100,6.69,US,1681342617
369,bundaberg,-24.85,152.35,29.01,72,2,3.58,AU,1681342617
370,port-cartier,50.0334,-66.8654,10.82,89,57,3.69,CA,1681342617
371,sirjan,29.452,55.6814,15.82,42,81,4.6,IR,1681342617
372,srednekolymsk,67.45,153.6833,-13.04,77,100,0.67,RU,1681342617
373,nanortalik,60.1432,-45.2371,0.45,90,100,1.49,GL,1681342617
374,bima,-8.4667,118.7167,27.29,88,100,1.51,ID,1681342618
375,passos,-20.7189,-46.6097,19.15,94,100,0.5,BR,1681342505
376,bonga,7.2833,36.2333,16.39,96,100,1.2,ET,1681342619
377,ganzhou,28.8184,115.4327,23.04,88,16,1.35,CN,1681342619
378,kavieng,-2.5744,150.7967,27.13,80,100,4.54,PG,1681342619
379,salym,60.0625,71.4789,-9.24,92,100,3.82,RU,1681342619
380,kapit,2.0167,112.9333,25.01,94,71,0.31,MY,1681342619
381,channel-port aux basques,47.5702,-59.1367,2.35,98,100,2.58,CA,1681342619
382,miraflores,19.2167,-98.8083,24.36,44,65,4.75,MX,1681342620
383,fornosovo,59.5689,30.5544,6.81,88,86,4.55,RU,1681342620
384,leh,34.1667,77.5833,-7.49,53,14,3.29,IN,1681342620
385,west wendover,40.7391,-114.0733,21.56,21,20,2.57,US,1681342620
386,clermont,49.5,2.4167,8.17,76,85,11.05,FR,1681342620
387,khor,47.8861,134.9464,0.69,85,100,4.11,RU,1681342620
388,meulaboh,4.1363,96.1285,24.99,87,85,1.51,ID,1681342620
389,bowen,-20.0167,148.2333,29.8,64,99,2.54,AU,1681342620
390,abha,18.2164,42.5053,15.9,72,0,0.0,SA,1681342621
391,sisimiut,66.9395,-53.6735,-6.42,92,85,3.64,GL,1681342621
392,salinas,36.6777,-121.6555,16.45,61,40,7.72,US,1681342575
393,nabire,-3.3667,135.4833,28.4,67,54,0.44,ID,1681342621
394,ayagoz,47.9714,80.4392,1.26,43,15,2.68,KZ,1681342621
395,seoul,37.5683,126.9778,8.76,55,20,3.09,KR,1681342132
396,bugene,-1.5911,31.1403,14.15,94,91,1.22,TZ,1681342622
397,puchezh,56.9788,43.1676,6.14,70,81,2.94,RU,1681342622
398,hernani,43.2662,-1.9762,11.23,76,75,7.2,ES,1681342112
399,port keats,-14.25,129.55,27.15,85,100,2.66,AU,1681342623
400,santa isabel do rio negro,-0.4139,-65.0192,23.85,98,100,1.22,BR,1681342623
401,fortuna,40.5982,-124.1573,11.48,64,11,5.36,US,1681342455
402,kungurtug,50.5994,97.5228,-9.32,89,100,0.8,RU,1681342623
403,jiayuguan,39.8167,98.3,6.41,47,83,2.83,CN,1681342624
404,tomatlan,19.9333,-105.25,28.57,34,33,4.1,MX,1681342624
405,nanakuli,21.3906,-158.1547,28.97,56,20,5.66,US,1681342624
406,ketchikan,55.3422,-131.6461,5.26,75,100,4.12,US,1681342625
407,misratah,32.3754,15.0925,17.37,47,0,4.77,LY,1681342625
408,harindanga,22.0383,88.3214,26.58,43,0,2.85,IN,1681342625
409,mugumu,-1.85,34.7,15.1,95,99,1.89,TZ,1681342625
410,dzhebariki-khaya,62.2167,135.8,-2.63,90,96,1.11,RU,1681342626
411,sunndalsora,62.6754,8.5515,3.9,74,29,4.19,NO,1681342626
412,bulancak,40.9372,38.2291,9.9,93,75,1.03,TR,1681342626
413,baft,29.234,56.6057,12.2,46,65,1.91,IR,1681342626
414,pierre,44.3683,-100.351,19.51,42,0,6.69,US,1681342627
415,ixtapa,20.7,-105.2,26.24,65,75,5.14,MX,1681342627
416,mount isa,-20.7333,139.5,26.87,36,90,5.66,AU,1681342438
417,bourail,-21.5667,165.4833,27.17,73,82,2.11,NC,1681342627
418,bonavista,48.6499,-53.1147,-0.01,93,100,4.78,CA,1681342628
419,qinzhou,21.95,108.6167,23.45,86,100,4.39,CN,1681342628
420,tezu,27.9167,96.1667,22.18,37,34,1.27,IN,1681342628
421,rostovka,55.3842,71.8891,1.41,73,8,4.07,RU,1681342628
422,san francisco,37.7749,-122.4194,18.62,60,20,10.8,US,1681342142
423,jaciara,-15.9653,-54.9683,22.51,89,43,1.16,BR,1681342629
424,ngama,11.7833,17.1667,27.63,14,43,6.56,TD,1681342629
425,valdemarpils,57.3707,22.5919,7.36,82,100,2.49,LV,1681342629
426,glenwood springs,39.5505,-107.3248,21.51,56,100,7.72,US,1681342629
427,yarega,63.4354,53.5765,-16.52,78,49,4.87,RU,1681342630
428,consett,54.854,-1.8316,2.91,88,79,4.11,GB,1681342630
429,lorengau,-2.0226,147.2712,29.14,71,96,4.42,PG,1681342631
430,shuangyang,43.5242,125.6736,9.87,28,100,1.58,CN,1681342631
431,invermere,50.5167,-116.0354,6.31,53,100,0.47,CA,1681342631
432,bongandanga,1.5,21.05,19.77,96,84,0.76,CD,1681342631
433,santa marta,11.2408,-74.199,30.03,71,40,8.23,CO,1681342632
434,hualmay,-11.0964,-77.6139,23.7,78,69,5.36,PE,1681342632
435,nemuro,43.3236,145.575,4.75,61,4,7.83,JP,1681342632
436,zlobin,45.2924,14.6541,8.1,61,40,1.03,HR,1681342633
437,nuevo progreso,23.1667,-97.95,23.83,52,68,4.47,MX,1681342635
438,salisbury,51.0693,-1.7957,8.69,74,100,10.29,GB,1681342635
439,sao joao da barra,-21.6403,-41.0511,23.05,86,100,2.28,BR,1681342635
440,arman,59.7,150.1667,-3.88,71,8,1.31,RU,1681342635
441,soyo,-6.1349,12.3689,24.57,87,100,2.65,AO,1681342636
442,tlancualpican,18.4333,-98.7,31.66,24,76,2.81,MX,1681342636
443,mogadishu,2.0371,45.3438,27.83,76,100,5.64,SO,1681342636
444,kyritz,52.9421,12.397,8.23,97,99,3.2,DE,1681342636
445,neringa,55.3719,21.0647,7.26,88,41,5.69,LT,1681342637
446,canakkale,40.0833,26.8333,3.32,80,11,1.23,TR,1681342637
447,tambopata,-12.7333,-69.1833,25.94,89,20,0.0,PE,1681342637
448,kyabram,-36.3167,145.05,16.96,69,0,2.93,AU,1681342637
449,padang,-0.9492,100.3543,24.03,88,98,1.54,ID,1681342092
450,ondjiva,-17.0667,15.7333,21.02,68,66,0.51,AO,1681342638
451,rosetta,31.4044,30.4164,15.93,68,6,8.55,EG,1681342638
452,sola,-13.8833,167.55,28.51,74,83,4.96,VU,1681342325
453,kangaatsiaq,68.3065,-53.4641,-2.79,81,100,2.82,GL,1681342638
454,sao felix do xingu,-6.6447,-51.995,22.83,96,92,0.32,BR,1681342639
455,la ronge,55.1001,-105.2842,9.14,25,40,3.6,CA,1681342639
456,vieux-habitants,16.0589,-61.7659,24.76,76,24,3.64,GP,1681342639
457,houma,29.5958,-90.7195,21.0,69,75,8.75,US,1681342640
458,caravelas,-17.7125,-39.2481,23.46,93,29,1.52,BR,1681342640
459,verkhnevilyuysk,63.4453,120.3167,-6.24,91,98,1.2,RU,1681342640
460,tonder,54.9331,8.8667,7.02,93,100,0.45,DK,1681342136
461,salamanca,40.8333,-6.0,4.88,91,2,2.71,ES,1681342406
462,chupa,66.27,33.0549,-10.78,95,47,1.47,RU,1681342641
463,gucheng,35.9115,111.3192,18.42,59,100,0.49,CN,1681342641
464,havoysund,70.9963,24.6622,1.13,72,21,8.1,NO,1681342642
465,magadan,59.5667,150.8,-4.15,62,3,2.95,RU,1681342642
466,makakilo city,21.3469,-158.0858,28.18,60,20,8.75,US,1681342642
467,bengkulu,-3.8004,102.2655,23.98,89,87,1.85,ID,1681342517
468,nieuw nickerie,5.95,-56.9833,26.01,85,14,3.43,SR,1681342642
469,rong kwang,18.339,100.3174,28.71,40,89,0.7,TH,1681342643
470,tsumeb,-19.2333,17.7167,22.66,36,100,2.69,NA,1681342643
471,kattivakkam,13.2167,80.3167,27.26,88,0,3.41,IN,1681342643
472,kimbe,-5.5502,150.1429,26.18,89,99,2.47,PG,1681342643
473,yumen,40.2833,97.2,7.71,41,100,6.02,CN,1681342372
474,male,4.1748,73.5089,28.95,69,6,4.64,MV,1681342644
475,hailar,49.2,119.7,1.21,42,3,2.86,CN,1681342644
476,atuntaqui,0.3333,-78.2167,14.86,93,99,0.57,EC,1681342399
477,lingao,19.9103,109.6859,24.6,84,62,6.88,CN,1681342646
478,shache,38.4167,77.2406,14.29,24,42,2.82,CN,1681342646
479,udachnyy,66.4167,112.4,-15.49,76,81,2.55,RU,1681342646
480,esna,25.2934,32.554,16.01,36,0,2.24,EG,1681342647
481,yantzaza,-3.8278,-78.7594,21.05,96,96,0.38,EC,1681342647
482,vestmanna,62.1564,-7.1664,4.51,81,75,3.6,FO,1681342647
483,saint-etienne,45.4333,4.4,3.75,65,0,2.06,FR,1681342648
484,colares,38.7992,-9.4469,13.27,60,61,9.39,PT,1681342648
485,okitipupa,6.5047,4.7839,25.37,92,88,0.82,NG,1681342648
486,moyale,3.5167,39.0584,19.06,88,100,1.74,KE,1681342648
487,khatra,22.9833,86.85,26.68,19,0,2.89,IN,1681342649
488,adeje,28.1227,-16.726,21.44,85,0,8.75,ES,1681342510
489,duobao,30.67,112.6895,20.9,86,13,1.46,CN,1681342649
490,marawi,7.9986,124.2928,23.91,71,0,0.91,PH,1681342650
491,saint-louis,16.3333,-15.0,28.8,51,64,4.9,SN,1681342650
492,tarauaca,-8.1614,-70.7656,25.19,88,96,0.74,BR,1681342422
493,christchurch,-43.5333,172.6333,17.19,87,100,4.63,NZ,1681342536
494,kuito,-12.3833,16.9333,14.29,95,100,1.59,AO,1681342651
495,rincon,32.296,-81.2354,21.98,49,75,4.63,US,1681342605
496,leshukonskoye,64.8989,45.7622,-15.7,81,13,3.25,RU,1681342652
497,oyama,36.3,139.8,15.33,32,6,1.99,JP,1681342652
498,aykhal,66.0,111.5,-17.08,80,54,2.9,RU,1681342652
499,mahajanga,-15.7167,46.3167,25.01,94,20,1.03,MG,1681342653
500,totness,5.8833,-56.3167,25.25,88,37,2.86,SR,1681342653
501,olutanga,7.3106,122.8464,26.5,71,3,2.06,PH,1681342653
502,beyneu,45.3167,55.2,19.55,37,86,10.05,KZ,1681342653
503,lannion,48.75,-3.4167,10.01,74,44,2.24,FR,1681342653
504,anadyr,64.75,177.4833,-20.72,77,0,3.0,RU,1681342374
505,alihe,50.5667,123.7167,0.58,49,13,2.23,CN,1681342653
506,tshane,-24.0196,21.8684,19.79,37,2,4.23,BW,1681342653
507,boende,-0.2167,20.8667,21.4,90,100,0.22,CD,1681342654
508,tupik,54.4253,119.9327,-5.59,90,100,1.76,RU,1681342654
509,guerrero negro,27.9769,-114.0611,16.12,71,99,8.56,MX,1681342654
510,qovlar,40.948,45.735,14.24,88,100,1.25,AZ,1681342654
511,tandil,-37.3217,-59.1332,10.59,63,98,5.64,AR,1681342654
512,truro,50.2653,-5.0544,9.6,80,75,12.35,GB,1681342654
513,bose,45.4612,8.0137,10.16,94,100,0.81,IT,1681342655
514,oussouye,12.485,-16.5469,25.1,69,89,4.86,SN,1681342439
515,rehoboth,-23.3167,17.0833,17.02,38,0,2.07,NA,1681342655
516,lata,40.1629,-8.3327,10.04,77,35,1.31,PT,1681342656
517,kedrovyy,56.1667,91.8167,-2.77,68,100,5.07,RU,1681342657
518,falam,22.9167,93.6833,15.29,55,1,1.57,MM,1681342657
519,huambo,-12.7761,15.7392,16.89,94,100,2.06,AO,1681342657
520,sesheke,-17.4759,24.2968,21.37,47,48,2.24,ZM,1681342657
521,zhanaozen,43.3,52.8,15.83,50,50,2.32,KZ,1681342657
522,konstantinovskiy,57.8301,39.5899,-0.16,92,8,2.76,RU,1681342658
523,jiuquan,39.7432,98.5174,8.68,45,100,4.54,CN,1681342658
524,mumford,5.2618,-0.759,27.33,85,44,3.04,GH,1681342658
525,brae,60.3964,-1.353,5.93,83,24,5.67,GB,1681342658
526,alta floresta,-9.8756,-56.0861,24.9,100,75,1.03,BR,1681342658
527,camapua,-19.5314,-54.0439,22.79,89,100,0.67,BR,1681342658
528,pochutla,15.7432,-96.4661,29.9,52,72,2.28,MX,1681342659
529,biu,10.6129,12.1946,26.1,16,6,5.4,NG,1681342659
530,borogontsy,62.6683,131.1683,-1.34,81,100,3.23,RU,1681342574
531,doha,25.2867,51.5333,26.17,65,0,6.17,QA,1681342386
532,opole lubelskie,51.1478,21.969,4.77,83,54,1.21,PL,1681342659
533,russell,32.3502,-85.1999,22.78,40,0,3.09,US,1681342659
534,hun,29.1268,15.9477,17.64,17,0,2.83,LY,1681342659
535,guaira,-20.3183,-48.3106,21.62,87,100,1.42,BR,1681342659
536,urumqi,43.801,87.6005,3.53,87,0,2.0,CN,1681342660
537,morondava,-20.2833,44.2833,25.99,72,100,2.69,MG,1681342661
538,itupiranga,-5.1347,-49.3267,27.18,88,69,0.19,BR,1681342661
539,dhidhdhoo,6.8833,73.1,28.27,75,18,3.26,MV,1681342622
540,long beach,33.767,-118.1892,17.77,86,100,4.12,US,1681342172
541,shnogh,41.1469,44.8404,13.26,85,100,1.88,AM,1681342661
542,nongstoin,25.5167,91.2667,16.45,38,0,1.37,IN,1681342599
543,hailey,43.5196,-114.3153,8.83,58,75,2.06,US,1681342662
544,katherine,-14.4667,132.2667,27.18,83,95,0.51,AU,1681342662
545,kailua,21.4022,-157.7394,28.99,71,75,7.2,US,1681342509
546,forres,57.6113,-3.6108,5.92,86,40,8.23,GB,1681342662
547,dunmore town,25.5,-76.65,23.69,83,100,10.14,BS,1681342662
548,sosenskiy,54.059,35.9623,8.09,57,100,3.95,RU,1681342662
549,cabra,37.4725,-4.4421,11.99,72,100,1.54,ES,1681342662
550,maracas,-13.4411,-40.4308,19.07,91,56,3.8,BR,1681342662
551,key west,24.5557,-81.7826,27.22,71,0,3.6,US,1681342497
552,gbadolite,4.2833,21.0167,21.7,90,88,1.51,CD,1681342663
553,flinders,-34.5833,150.8552,16.88,90,91,6.43,AU,1681342663
554,lukovetskiy,64.2956,41.9211,-12.39,81,9,3.47,RU,1681342663
555,tosya,41.0155,34.0401,6.03,85,51,0.51,TR,1681342663
556,kamina,-8.7386,24.9906,18.46,95,100,1.46,CD,1681342514
557,gimli,50.6336,-96.9907,12.01,43,100,5.14,CA,1681341963
558,miri,4.4148,114.0089,24.08,94,20,0.51,MY,1681342664
559,olinda,-8.0089,-34.8553,27.85,74,40,5.14,BR,1681342651
560,anito,12.4497,125.2886,27.02,81,98,2.53,PH,1681342664
561,kieta,-6.2167,155.6333,28.08,77,89,0.73,PG,1681342664
562,corinto,37.9407,22.9573,14.38,69,2,2.27,GR,1681342588
563,baillif,16.0202,-61.7463,24.72,75,26,3.87,GP,1681342664
564,dombas,62.0696,9.1235,-3.26,95,84,2.06,NO,1681342664
565,ambilobe,-13.2,49.05,23.86,89,87,0.81,MG,1681342665
